,type,total km,total kWh,total CO2 [g],fix costs,total variable costs
0,default_vehtype,50.76888159162722,0.2538444079581361,28.430573691311245,2500.0,1269.0
1,default_vehtype,44.76924419837194,0.22384622099185972,25.07077675108829,2500.0,1119.0
2,default_vehtype,46.94180886740102,0.23470904433700512,26.287412965744572,2500.0,1174.0
3,default_vehtype,40.74959070821236,0.2037479535410618,22.81977079659892,2500.0,1019.0
4,default_vehtype,41.85734419932731,0.20928672099663653,23.440112751623293,2500.0,1046.0
